$FLYS,1,,,,,,,,,,,
$VAR,FIRMWARE_VER,v2024.06.09.starter_pistol,,,,,,,,,,
$VAR,DEVICE_ID,0017003b3253501720373657,,,,,,,,,,
$VAR,SESSION_ID,724fd609f62a5cb068670fc0,,,,,,,,,,
$COL,GNSS,time,lat,lon,hMSL,velN,velE,velD,hAcc,vAcc,sAcc,numSV
$UNIT,GNSS,,deg,deg,m,m/s,m/s,m/s,m,m,m/s,
$DATA,,,,,,,,,,,,
$GNSS,2020-10-29T17:42:18.200Z,,40.5925258,-111.7205932,3396.883,-0.04,-0.15,0.22,0.469,0.761,0.32,
$GNSS,2020-10-29T17:42:18.400Z,,40.5925257,-111.7205934,3396.868,-0.13,-0.08,0.09,0.477,0.773,0.28,
$GNSS,2020-10-29T17:42:18.600Z,,40.5925256,-111.7205936,3396.871,-0.04,-0.07,0.15,0.485,0.784,0.3,
$GNSS,2020-10-29T17:42:18.800Z,,40.5925255,-111.7205935,3396.848,-0.05,0.1,0.25,0.493,0.796,0.26,
$GNSS,2020-10-29T17:42:19.000Z,,40.5925255,-111.7205933,3396.843,0,0.04,0.13,0.501,0.807,0.27,
$GNSS,2020-10-29T17:42:19.200Z,,40.5925256,-111.7205931,3396.833,0.09,0.12,0.12,0.508,0.818,0.24,
$GNSS,2020-10-29T17:42:19.400Z,,40.5925257,-111.7205927,3396.828,-0.01,0.17,0.13,0.516,0.83,0.24,
$GNSS,2020-10-29T17:42:19.600Z,,40.5925257,-111.7205924,3396.811,-0.01,0.04,0.16,0.523,0.841,0.27,
$GNSS,2020-10-29T17:42:19.800Z,,40.5925258,-111.7205923,3396.8,0.04,0.03,0.02,0.532,0.851,0.25,
$GNSS,2020-10-29T17:42:20.000Z,,40.5925258,-111.7205924,3396.803,-0.02,-0.07,0.09,0.54,0.862,0.32,
$GNSS,2020-10-29T17:42:20.200Z,,40.5925259,-111.7205924,3396.844,0.07,-0.01,-0.14,0.547,0.871,0.27,
$GNSS,2020-10-29T17:42:20.400Z,,40.592526,-111.7205923,3396.866,0.05,0.07,0.01,0.554,0.881,0.22,
$GNSS,2020-10-29T17:42:20.600Z,,40.5925261,-111.7205921,3396.852,-0.06,0.05,0.03,0.561,0.89,0.28,
$GNSS,2020-10-29T17:42:20.800Z,,40.5925259,-111.720592,3396.819,-0.18,0.01,0.09,0.568,0.9,0.26,
$GNSS,2020-10-29T17:42:21.000Z,,40.5925257,-111.720592,3396.797,-0.01,-0.01,0.02,0.575,0.909,0.28,
$GNSS,2020-10-29T17:42:21.200Z,,40.5925256,-111.720592,3396.78,-0.15,-0.07,0.18,0.582,0.918,0.26,
$GNSS,2020-10-29T17:42:21.400Z,,40.5925254,-111.720592,3396.749,-0.13,0.02,0.14,0.589,0.927,0.26,
$GNSS,2020-10-29T17:42:21.600Z,,40.5925252,-111.7205918,3396.707,-0.06,0.21,0.2,0.595,0.935,0.24,
$GNSS,2020-10-29T17:42:21.800Z,,40.5925251,-111.7205915,3396.664,-0.15,-0.03,0.39,0.601,0.943,0.28,
$GNSS,2020-10-29T17:42:22.000Z,,40.5925249,-111.7205914,3396.641,-0.04,0.05,0.16,0.606,0.951,0.26,
$GNSS,2020-10-29T17:42:22.200Z,,40.5925249,-111.7205912,3396.637,-0.06,0.07,0.01,0.61,0.959,0.25,
$GNSS,2020-10-29T17:42:22.400Z,,40.5925248,-111.7205911,3396.625,-0.08,0.09,0.1,0.615,0.967,0.24,
$GNSS,2020-10-29T17:42:22.600Z,,40.5925248,-111.7205909,3396.614,0.07,0.06,-0.07,0.619,0.974,0.28,
$GNSS,2020-10-29T17:42:22.800Z,,40.5925249,-111.7205909,3396.625,0.01,0.01,-0.09,0.624,0.981,0.3,
$GNSS,2020-10-29T17:42:23.000Z,,40.5925248,-111.720591,3396.609,-0.12,-0.03,0.12,0.628,0.988,0.27,
$GNSS,2020-10-29T17:42:23.200Z,,40.5925246,-111.720591,3396.572,-0.09,0.05,0.18,0.631,0.995,0.26,
$GNSS,2020-10-29T17:42:23.400Z,,40.5925243,-111.7205909,3396.522,-0.3,0.03,0.36,0.635,1.002,0.26,
$GNSS,2020-10-29T17:42:23.600Z,,40.5925237,-111.7205907,3396.428,-0.29,0.16,0.49,0.639,1.009,0.25,
$GNSS,2020-10-29T17:42:23.800Z,,40.5925232,-111.7205904,3396.293,-0.37,0.23,0.54,0.642,1.017,0.27,
$GNSS,2020-10-29T17:42:24.000Z,,40.5925223,-111.72059,3396.099,-0.57,0.16,1.09,0.645,1.025,0.29,
$GNSS,2020-10-29T17:42:24.200Z,,40.5925209,-111.7205893,3395.803,-0.99,0.48,1.88,0.649,1.034,0.3,
$GNSS,2020-10-29T17:42:24.400Z,,40.5925166,-111.7205876,3395.461,-3.82,0.99,1.12,0.655,1.047,0.27,
$GNSS,2020-10-29T17:42:24.600Z,,40.592511,-111.720585,3395.207,-2.4,1.17,1.43,0.659,1.057,0.22,
$GNSS,2020-10-29T17:42:24.800Z,,40.5925047,-111.7205818,3394.456,-4.47,1.64,5.89,0.665,1.067,0.27,
$GNSS,2020-10-29T17:42:25.000Z,,40.5924974,-111.7205786,3393.059,-3.82,1.24,7.56,0.672,1.076,0.27,
$GNSS,2020-10-29T17:42:25.200Z,,40.5924907,-111.7205757,3391.333,-3.75,1.31,9.26,0.679,1.087,0.28,
$GNSS,2020-10-29T17:42:25.400Z,,40.592484,-111.7205728,3389.296,-3.69,1.29,10.82,0.685,1.098,0.29,
$GNSS,2020-10-29T17:42:25.600Z,,40.5924772,-111.72057,3386.915,-3.88,1.21,12.6,0.69,1.108,0.29,
$GNSS,2020-10-29T17:42:25.800Z,,40.5924699,-111.720567,3384.233,-4.2,1.32,14.36,0.695,1.119,0.31,
$GNSS,2020-10-29T17:42:26.000Z,,40.5924623,-111.7205636,3381.119,-4.33,1.57,16.19,0.7,1.132,0.32,
$GNSS,2020-10-29T17:42:26.200Z,,40.5924543,-111.7205604,3377.672,-4.42,1.23,17.92,0.706,1.147,0.34,
$GNSS,2020-10-29T17:42:26.400Z,,40.5924457,-111.7205571,3373.894,-5.1,1.58,19.41,0.712,1.163,0.35,
$GNSS,2020-10-29T17:42:26.600Z,,40.5924356,-111.7205533,3369.859,-6.12,1.64,20.5,0.718,1.179,0.35,
$GNSS,2020-10-29T17:42:26.800Z,,40.5924235,-111.7205491,3365.606,-7.22,1.94,21.67,0.725,1.194,0.32,
$GNSS,2020-10-29T17:42:27.000Z,,40.5924097,-111.7205446,3361.083,-8.1,1.94,22.78,0.73,1.208,0.32,
$GNSS,2020-10-29T17:42:27.200Z,,40.592394,-111.7205397,3356.42,-9.3,2.17,23.68,0.735,1.221,0.31,
$GNSS,2020-10-29T17:42:27.400Z,,40.5923762,-111.7205343,3351.598,-10.42,2.35,24.68,0.739,1.234,0.31,
$GNSS,2020-10-29T17:42:27.600Z,,40.5923565,-111.7205285,3346.599,-11.48,2.55,25.17,0.743,1.247,0.3,
$GNSS,2020-10-29T17:42:27.800Z,,40.5923347,-111.7205221,3341.449,-12.79,2.95,25.77,0.748,1.261,0.31,
$GNSS,2020-10-29T17:42:28.000Z,,40.5923104,-111.7205147,3336.262,-14.12,3.26,26.15,0.754,1.274,0.3,
$GNSS,2020-10-29T17:42:28.200Z,,40.5922839,-111.7205067,3330.993,-15.37,3.47,26.63,0.759,1.286,0.3,
$GNSS,2020-10-29T17:42:28.400Z,,40.5922551,-111.7204982,3325.649,-16.56,3.63,26.82,0.761,1.293,0.29,
$GNSS,2020-10-29T17:42:28.600Z,,40.5922242,-111.7204897,3320.241,-17.75,3.54,27.2,0.763,1.3,0.29,
$GNSS,2020-10-29T17:42:28.800Z,,40.5921912,-111.7204811,3314.752,-18.94,3.6,27.74,0.766,1.308,0.28,
$GNSS,2020-10-29T17:42:29.000Z,,40.5921561,-111.720473,3309.148,-20.04,3.29,28.1,0.768,1.316,0.28,
$GNSS,2020-10-29T17:42:29.200Z,,40.5921192,-111.7204655,3303.413,-21.11,3.1,28.72,0.77,1.326,0.28,
$GNSS,2020-10-29T17:42:29.400Z,,40.5920803,-111.7204581,3297.59,-22.14,3.23,29.1,0.773,1.336,0.28,
$GNSS,2020-10-29T17:42:29.600Z,,40.5920399,-111.7204508,3291.647,-22.89,3.1,29.82,0.777,1.347,0.28,
$GNSS,2020-10-29T17:42:29.800Z,,40.591998,-111.7204433,3285.565,-23.6,3.2,30.81,0.781,1.358,0.29,
$GNSS,2020-10-29T17:42:30.000Z,,40.5919548,-111.7204357,3279.308,-24.55,3.32,31.44,0.784,1.368,0.29,
$GNSS,2020-10-29T17:42:30.200Z,,40.5919096,-111.7204277,3273.089,-25.56,3.33,31.53,0.787,1.379,0.28,
$GNSS,2020-10-29T17:42:30.400Z,,40.5918624,-111.7204193,3266.864,-26.67,3.65,31.62,0.791,1.39,0.28,
$GNSS,2020-10-29T17:42:30.600Z,,40.5918134,-111.7204101,3260.573,-27.73,4.11,31.75,0.795,1.402,0.28,
$GNSS,2020-10-29T17:42:30.800Z,,40.5917627,-111.7203999,3254.234,-28.59,4.45,32,0.799,1.414,0.28,
$GNSS,2020-10-29T17:42:31.000Z,,40.5917104,-111.720389,3247.853,-29.38,4.75,32.28,0.803,1.426,0.28,
$GNSS,2020-10-29T17:42:31.200Z,,40.5916568,-111.7203775,3241.403,-30.19,4.96,32.55,0.807,1.437,0.28,
$GNSS,2020-10-29T17:42:31.400Z,,40.5916017,-111.7203654,3234.896,-30.95,5.23,33.05,0.811,1.449,0.28,
$GNSS,2020-10-29T17:42:31.600Z,,40.5915453,-111.7203527,3228.319,-31.62,5.45,33.32,0.815,1.46,0.28,
$GNSS,2020-10-29T17:42:31.800Z,,40.5914879,-111.7203395,3221.6,-32.14,5.7,34,0.819,1.471,0.28,
$GNSS,2020-10-29T17:42:32.000Z,,40.5914295,-111.7203258,3214.758,-32.68,5.94,34.67,0.824,1.481,0.28,
$GNSS,2020-10-29T17:42:32.200Z,,40.5913702,-111.7203114,3207.761,-33.24,6.19,35.34,0.827,1.492,0.28,
$GNSS,2020-10-29T17:42:32.400Z,,40.5913097,-111.7202968,3200.694,-33.94,6.17,35.49,0.831,1.501,0.28,
$GNSS,2020-10-29T17:42:32.600Z,,40.5912479,-111.7202824,3193.557,-34.79,6.12,35.71,0.836,1.516,0.28,
$GNSS,2020-10-29T17:42:32.800Z,,40.5911843,-111.7202679,3186.48,-35.78,6.02,35.32,0.84,1.527,0.28,
$GNSS,2020-10-29T17:42:33.000Z,,40.5911191,-111.7202541,3179.425,-36.57,5.77,35.58,0.841,1.53,0.27,
$GNSS,2020-10-29T17:42:33.200Z,,40.5910524,-111.7202408,3172.357,-37.57,5.48,35.27,0.843,1.54,0.27,
$GNSS,2020-10-29T17:42:33.400Z,,40.5909837,-111.7202281,3165.386,-38.57,5.36,34.93,0.845,1.551,0.28,
$GNSS,2020-10-29T17:42:33.600Z,,40.5909134,-111.7202164,3158.402,-39.52,4.65,34.6,0.849,1.564,0.29,
$GNSS,2020-10-29T17:42:33.800Z,,40.5908417,-111.7202068,3151.386,-40.27,3.92,34.7,0.852,1.575,0.31,
$GNSS,2020-10-29T17:42:34.000Z,,40.590769,-111.7201988,3144.329,-40.68,3.43,35.09,0.85,1.572,0.31,
$GNSS,2020-10-29T17:42:34.200Z,,40.5906956,-111.7201923,3137.188,-40.93,2.7,35.38,0.848,1.571,0.32,
$GNSS,2020-10-29T17:42:34.400Z,,40.5906216,-111.7201864,3130.079,-41.29,2.24,36.11,0.858,1.591,0.32,
$GNSS,2020-10-29T17:42:34.600Z,,40.5905465,-111.7201825,3122.978,-41.9,1.1,36.08,0.868,1.611,0.32,
$GNSS,2020-10-29T17:42:34.800Z,,40.5904701,-111.7201812,3116.01,-42.56,-0.06,35.58,0.878,1.629,0.31,
$GNSS,2020-10-29T17:42:35.000Z,,40.590393,-111.7201833,3108.881,-42.98,-1.63,35.83,0.889,1.647,0.32,
$GNSS,2020-10-29T17:42:35.200Z,,40.5903151,-111.720189,3101.838,-43.43,-3.24,35.51,0.902,1.663,0.32,
$GNSS,2020-10-29T17:42:35.400Z,,40.5902366,-111.7201986,3094.759,-43.68,-4.85,35.39,0.915,1.675,0.32,
$GNSS,2020-10-29T17:42:35.600Z,,40.5901577,-111.7202119,3087.755,-43.86,-6.38,35.19,0.927,1.687,0.32,
$GNSS,2020-10-29T17:42:35.800Z,,40.5900785,-111.7202291,3080.798,-44.05,-8.09,35,0.934,1.683,0.29,
$GNSS,2020-10-29T17:42:36.000Z,,40.5899993,-111.7202505,3073.803,-44.01,-9.98,34.71,0.943,1.691,0.33,
$GNSS,2020-10-29T17:42:36.200Z,,40.5899198,-111.7202767,3067.032,-44.09,-12.25,33.97,0.954,1.699,0.32,
$GNSS,2020-10-29T17:42:36.400Z,,40.5898402,-111.7203076,3060.352,-44.19,-13.79,33.31,0.959,1.697,0.29,
$GNSS,2020-10-29T17:42:36.600Z,,40.5897607,-111.720342,3053.819,-44,-15.25,33.08,0.964,1.696,0.29,
$GNSS,2020-10-29T17:42:36.800Z,,40.5896812,-111.7203796,3047.341,-44.04,-16.6,32.88,0.968,1.696,0.28,
$GNSS,2020-10-29T17:42:37.000Z,,40.5896017,-111.72042,3040.907,-44.05,-17.59,32.72,0.973,1.696,0.28,
$GNSS,2020-10-29T17:42:37.200Z,,40.5895221,-111.720463,3034.489,-44.2,-18.66,32.31,0.975,1.69,0.27,
$GNSS,2020-10-29T17:42:37.400Z,,40.5894423,-111.7205081,3028.204,-44.13,-19.58,31.72,0.98,1.689,0.28,
$GNSS,2020-10-29T17:42:37.600Z,,40.5893623,-111.7205544,3021.98,-44.51,-19.74,31.76,0.983,1.684,0.27,
$GNSS,2020-10-29T17:42:37.800Z,,40.5892821,-111.7206016,3015.693,-44.4,-20.03,31.97,0.985,1.678,0.26,
$GNSS,2020-10-29T17:42:38.000Z,,40.5892018,-111.7206488,3009.397,-44.58,-20.07,32.24,0.987,1.672,0.25,
$GNSS,2020-10-29T17:42:38.200Z,,40.5891211,-111.7206963,3003.033,-44.92,-20.18,31.83,0.99,1.672,0.28,
$GNSS,2020-10-29T17:42:38.400Z,,40.5890397,-111.7207437,2996.83,-45.23,-20.25,31.85,0.991,1.666,0.25,
$GNSS,2020-10-29T17:42:38.600Z,,40.5889578,-111.7207908,2990.568,-45.46,-20,31.76,0.991,1.665,0.27,
$GNSS,2020-10-29T17:42:38.800Z,,40.5888751,-111.7208374,2984.322,-46.05,-19.57,31.72,0.989,1.662,0.25,
$GNSS,2020-10-29T17:42:39.000Z,,40.5887916,-111.7208826,2978.012,-46.61,-18.82,31.16,0.987,1.663,0.25,
$GNSS,2020-10-29T17:42:39.200Z,,40.5887072,-111.7209261,2971.755,-47.07,-17.95,31.24,0.984,1.664,0.26,
$GNSS,2020-10-29T17:42:39.400Z,,40.5886218,-111.7209671,2965.533,-47.66,-16.91,31.05,0.983,1.671,0.27,
$GNSS,2020-10-29T17:42:39.600Z,,40.5885351,-111.7210055,2959.394,-48.27,-15.9,30.9,0.979,1.674,0.24,
$GNSS,2020-10-29T17:42:39.800Z,,40.5884478,-111.7210418,2953.247,-48.65,-14.79,31.07,0.976,1.682,0.25,
$GNSS,2020-10-29T17:42:40.000Z,,40.5883598,-111.7210756,2947.066,-49.07,-13.86,30.99,0.972,1.687,0.24,
$GNSS,2020-10-29T17:42:40.200Z,,40.588271,-111.721107,2940.932,-49.37,-12.89,31.31,0.969,1.692,0.24,
$GNSS,2020-10-29T17:42:40.400Z,,40.5881816,-111.7211362,2934.74,-49.74,-11.88,31.05,0.967,1.7,0.26,
$GNSS,2020-10-29T17:42:40.600Z,,40.5880915,-111.7211633,2928.58,-50.19,-11.27,31.12,0.967,1.709,0.26,
$GNSS,2020-10-29T17:42:40.800Z,,40.588001,-111.7211893,2922.424,-50.38,-10.78,30.62,0.967,1.715,0.27,
$GNSS,2020-10-29T17:42:41.000Z,,40.5879099,-111.7212142,2916.39,-50.72,-10.36,30.6,0.966,1.721,0.27,
$GNSS,2020-10-29T17:42:41.200Z,,40.5878187,-111.7212386,2910.277,-50.6,-10.21,31,0.967,1.726,0.28,
$GNSS,2020-10-29T17:42:41.400Z,,40.5877274,-111.7212624,2904.07,-50.76,-9.96,30.75,0.97,1.733,0.29,
$GNSS,2020-10-29T17:42:41.600Z,,40.5876358,-111.7212855,2898.008,-50.98,-9.63,30.64,0.973,1.738,0.28,
$GNSS,2020-10-29T17:42:41.800Z,,40.5875435,-111.7213079,2891.955,-51.55,-9.38,29.79,0.976,1.744,0.29,
$GNSS,2020-10-29T17:42:42.000Z,,40.5874504,-111.7213296,2886.103,-51.93,-9.05,28.82,0.977,1.753,0.28,
$GNSS,2020-10-29T17:42:42.200Z,,40.5873566,-111.7213503,2880.464,-52.37,-8.42,28.1,0.978,1.759,0.27,
$GNSS,2020-10-29T17:42:42.400Z,,40.5872622,-111.7213697,2874.94,-52.47,-7.95,27.81,0.977,1.764,0.26,
$GNSS,2020-10-29T17:42:42.600Z,,40.5871678,-111.7213884,2869.445,-52.63,-7.85,27.41,0.977,1.77,0.26,
$GNSS,2020-10-29T17:42:42.800Z,,40.5870729,-111.7214067,2864.05,-52.76,-7.61,27.33,0.978,1.775,0.29,
$GNSS,2020-10-29T17:42:43.000Z,,40.586978,-111.7214247,2858.631,-52.7,-7.67,26.98,0.981,1.781,0.3,
$GNSS,2020-10-29T17:42:43.200Z,,40.5868833,-111.7214436,2853.259,-52.55,-8.31,26.9,0.986,1.786,0.32,
$GNSS,2020-10-29T17:42:43.400Z,,40.5867886,-111.7214641,2848.014,-52.56,-9.03,25.93,0.992,1.792,0.33,
$GNSS,2020-10-29T17:42:43.600Z,,40.5866941,-111.721487,2842.875,-52.58,-10.29,25.1,0.998,1.796,0.32,
$GNSS,2020-10-29T17:42:43.800Z,,40.5865997,-111.7215123,2837.878,-52.4,-11.13,25.06,1.004,1.799,0.32,
$GNSS,2020-10-29T17:42:44.000Z,,40.5865061,-111.72154,2832.942,-51.68,-12.29,24.74,1.011,1.803,0.32,
$GNSS,2020-10-29T17:42:44.200Z,,40.5864132,-111.7215707,2828.073,-51.5,-13.74,24.21,1.015,1.798,0.3,
$GNSS,2020-10-29T17:42:44.400Z,,40.5863208,-111.7216045,2823.257,-51.19,-14.8,24.22,1.021,1.798,0.3,
$GNSS,2020-10-29T17:42:44.600Z,,40.5862296,-111.7216413,2818.366,-50.33,-16.22,24.31,1.029,1.804,0.34,
$GNSS,2020-10-29T17:42:44.800Z,,40.5861401,-111.7216826,2813.555,-49.37,-18.55,23.63,1.039,1.811,0.33,
$GNSS,2020-10-29T17:42:45.000Z,,40.5860525,-111.7217303,2808.747,-47.94,-21.08,23.33,1.021,1.771,0.21,
$GNSS,2020-10-29T17:42:45.200Z,,40.5859672,-111.7217838,2804.021,-47.08,-22.55,22.97,0.99,1.745,0.2,
$GNSS,2020-10-29T17:42:45.400Z,,40.5858834,-111.7218402,2799.241,-46.35,-23.31,22.54,0.969,1.722,0.2,
$GNSS,2020-10-29T17:42:45.600Z,,40.5858003,-111.721896,2794.757,-45.99,-23.95,22.58,0.958,1.724,0.21,
$GNSS,2020-10-29T17:42:45.800Z,,40.5857174,-111.721954,2790.256,-45.77,-24.45,22.28,0.932,1.726,0.2,
$GNSS,2020-10-29T17:42:46.000Z,,40.5856351,-111.7220125,2785.79,-45.45,-24.66,22.04,0.919,1.729,0.19,
$GNSS,2020-10-29T17:42:46.200Z,,40.5855536,-111.7220715,2781.185,-45.1,-24.96,22.64,0.908,1.731,0.18,
$GNSS,2020-10-29T17:42:46.400Z,,40.585473,-111.7221314,2776.349,-44.7,-24.99,23.51,0.899,1.734,0.19,
$GNSS,2020-10-29T17:42:46.600Z,,40.5853925,-111.7221905,2771.606,-44.61,-24.97,23.4,0.892,1.739,0.19,
$GNSS,2020-10-29T17:42:46.800Z,,40.5853116,-111.7222496,2767.166,-44.83,-25.12,22.51,0.886,1.742,0.19,
$GNSS,2020-10-29T17:42:47.000Z,,40.5852313,-111.7223095,2762.559,-44.32,-25.46,23.26,0.88,1.745,0.2,
$GNSS,2020-10-29T17:42:47.200Z,,40.5851517,-111.7223693,2757.913,-44.13,-25.35,23.37,0.873,1.744,0.2,
$GNSS,2020-10-29T17:42:47.400Z,,40.5850721,-111.7224291,2753.286,-44.15,-25.27,23.23,0.865,1.742,0.19,
$GNSS,2020-10-29T17:42:47.600Z,,40.5849925,-111.7224888,2748.656,-44.35,-25.15,23.58,0.856,1.737,0.19,
$GNSS,2020-10-29T17:42:47.800Z,,40.5849126,-111.7225476,2743.882,-44.42,-24.75,23.36,0.845,1.728,0.18,
$GNSS,2020-10-29T17:42:48.000Z,,40.5848328,-111.7226058,2739.109,-44.54,-24.26,23.6,0.835,1.723,0.18,
$GNSS,2020-10-29T17:42:48.200Z,,40.5847522,-111.7226622,2734.35,-44.88,-23.66,23.72,0.825,1.725,0.19,
$GNSS,2020-10-29T17:42:48.400Z,,40.5846714,-111.7227174,2729.666,-45.1,-22.92,23.57,0.815,1.726,0.19,
$GNSS,2020-10-29T17:42:48.600Z,,40.5845906,-111.7227721,2724.695,-45.06,-22.55,24.05,0.805,1.729,0.19,
$GNSS,2020-10-29T17:42:48.800Z,,40.584509,-111.7228247,2719.916,-45.42,-22.27,23.62,0.797,1.732,0.2,
$GNSS,2020-10-29T17:42:49.000Z,,40.584427,-111.7228768,2715.227,-45.75,-21.92,22.84,0.792,1.734,0.19,
$GNSS,2020-10-29T17:42:49.200Z,,40.5843443,-111.7229276,2710.602,-45.86,-21.72,22.85,0.786,1.737,0.19,
$GNSS,2020-10-29T17:42:49.400Z,,40.5842618,-111.7229785,2706.073,-45.83,-21.56,22.43,0.779,1.738,0.19,
$GNSS,2020-10-29T17:42:49.600Z,,40.5841792,-111.7230292,2701.561,-46.05,-21.24,22.26,0.772,1.74,0.19,
$GNSS,2020-10-29T17:42:49.800Z,,40.5840963,-111.7230789,2696.925,-46.18,-20.51,21.84,0.767,1.74,0.18,
$GNSS,2020-10-29T17:42:50.000Z,,40.5840131,-111.7231267,2692.524,-46.51,-19.75,21.9,0.76,1.743,0.19,
$GNSS,2020-10-29T17:42:50.200Z,,40.5839291,-111.7231717,2688.093,-46.77,-18.63,21.96,0.757,1.747,0.19,
$GNSS,2020-10-29T17:42:50.400Z,,40.5838446,-111.7232139,2683.604,-47.03,-17.39,22.44,0.754,1.751,0.19,
$GNSS,2020-10-29T17:42:50.600Z,,40.5837596,-111.7232524,2678.996,-47.36,-15.51,22.73,0.751,1.756,0.18,
$GNSS,2020-10-29T17:42:50.800Z,,40.583674,-111.7232861,2674.356,-47.61,-13.34,23.14,0.75,1.763,0.18,
$GNSS,2020-10-29T17:42:51.000Z,,40.5835879,-111.7233141,2669.703,-47.82,-10.63,23.37,0.748,1.77,0.18,
$GNSS,2020-10-29T17:42:51.200Z,,40.5835017,-111.7233357,2664.945,-47.87,-7.85,23.67,0.746,1.776,0.18,
$GNSS,2020-10-29T17:42:51.400Z,,40.5834155,-111.7233506,2660.111,-47.69,-5.13,24.08,0.743,1.784,0.18,
$GNSS,2020-10-29T17:42:51.600Z,,40.5833297,-111.723359,2655.203,-47.41,-2.42,24.58,0.741,1.791,0.18,
$GNSS,2020-10-29T17:42:51.800Z,,40.5832447,-111.7233609,2650.201,-46.93,0.45,24.88,0.739,1.797,0.18,
$GNSS,2020-10-29T17:42:52.000Z,,40.5831603,-111.7233562,2645.113,-46.58,3.02,25.24,0.737,1.803,0.18,
$GNSS,2020-10-29T17:42:52.200Z,,40.5830768,-111.7233461,2640.007,-45.99,5.2,25.54,0.735,1.808,0.19,
$GNSS,2020-10-29T17:42:52.400Z,,40.5829945,-111.723331,2634.849,-45.43,7.49,25.63,0.733,1.809,0.19,
$GNSS,2020-10-29T17:42:52.600Z,,40.582913,-111.7233112,2629.654,-45.06,9.13,25.82,0.731,1.811,0.19,
$GNSS,2020-10-29T17:42:52.800Z,,40.582832,-111.7232875,2624.455,-44.96,10.79,25.47,0.729,1.814,0.19,
$GNSS,2020-10-29T17:42:53.000Z,,40.5827514,-111.7232604,2619.302,-44.68,12.06,25,0.726,1.814,0.19,
$GNSS,2020-10-29T17:42:53.200Z,,40.5826712,-111.7232306,2614.229,-44.59,13.16,24.62,0.723,1.814,0.19,
$GNSS,2020-10-29T17:42:53.400Z,,40.5825909,-111.7231987,2609.286,-44.66,13.74,24.12,0.722,1.814,0.19,
$GNSS,2020-10-29T17:42:53.600Z,,40.5825106,-111.7231657,2604.366,-44.68,14.21,23.82,0.721,1.815,0.19,
$GNSS,2020-10-29T17:42:53.800Z,,40.5824302,-111.7231315,2599.572,-44.78,14.63,23.17,0.72,1.815,0.19,
$GNSS,2020-10-29T17:42:54.000Z,,40.5823496,-111.7230967,2594.886,-44.86,14.92,22.53,0.719,1.814,0.19,
$GNSS,2020-10-29T17:42:54.200Z,,40.5822688,-111.7230614,2590.316,-45.02,14.96,22.3,0.718,1.814,0.19,
$GNSS,2020-10-29T17:42:54.400Z,,40.5821877,-111.7230262,2585.842,-45.11,14.85,21.87,0.717,1.815,0.19,
$GNSS,2020-10-29T17:42:54.600Z,,40.5821063,-111.7229914,2581.425,-45.37,14.72,21.2,0.716,1.815,0.19,
$GNSS,2020-10-29T17:42:54.800Z,,40.5820245,-111.7229568,2577.138,-45.64,14.6,20.62,0.715,1.815,0.19,
$GNSS,2020-10-29T17:42:55.000Z,,40.5819424,-111.7229228,2572.974,-45.73,14.38,19.74,0.713,1.811,0.19,
$GNSS,2020-10-29T17:42:55.200Z,,40.5818599,-111.7228895,2569.062,-46,13.78,19.09,0.717,1.824,0.32,
$GNSS,2020-10-29T17:42:55.400Z,,40.5817771,-111.7228578,2565.241,-46.13,13.21,18.44,0.726,1.835,0.32,
$GNSS,2020-10-29T17:42:55.600Z,,40.581694,-111.7228276,2561.493,-46.33,12.54,18.1,0.734,1.845,0.32,
$GNSS,2020-10-29T17:42:55.800Z,,40.5816107,-111.722799,2557.802,-46.42,11.82,17.95,0.742,1.854,0.32,
$GNSS,2020-10-29T17:42:56.000Z,,40.5815272,-111.7227721,2554.164,-46.49,11.13,17.34,0.749,1.86,0.32,
$GNSS,2020-10-29T17:42:56.200Z,,40.5814434,-111.7227466,2550.713,-46.64,10.4,16.81,0.756,1.865,0.32,
$GNSS,2020-10-29T17:42:56.400Z,,40.5813595,-111.722723,2547.354,-46.63,9.62,16.44,0.764,1.869,0.32,
$GNSS,2020-10-29T17:42:56.600Z,,40.5812756,-111.7227012,2543.998,-46.76,8.83,16.37,0.772,1.873,0.34,
$GNSS,2020-10-29T17:42:56.800Z,,40.5811913,-111.7226816,2540.834,-46.79,7.7,15.47,0.781,1.879,0.34,
$GNSS,2020-10-29T17:42:57.000Z,,40.5811071,-111.7226649,2537.786,-46.8,6.48,14.69,0.79,1.884,0.35,
$GNSS,2020-10-29T17:42:57.200Z,,40.5810229,-111.7226508,2534.854,-46.77,5.53,14.24,0.799,1.89,0.35,
$GNSS,2020-10-29T17:42:57.400Z,,40.5809388,-111.7226387,2532.033,-46.75,4.68,13.69,0.809,1.895,0.35,
$GNSS,2020-10-29T17:42:57.600Z,,40.5808547,-111.7226285,2529.366,-46.65,3.99,13.22,0.818,1.906,0.34,
$GNSS,2020-10-29T17:42:57.800Z,,40.5807709,-111.7226199,2526.74,-46.47,3.32,13.02,0.828,1.918,0.35,
$GNSS,2020-10-29T17:42:58.000Z,,40.5806875,-111.7226129,2524.113,-46.28,2.63,13.01,0.837,1.927,0.34,
$GNSS,2020-10-29T17:42:58.200Z,,40.5806045,-111.7226079,2521.463,-45.98,1.64,12.93,0.845,1.93,0.34,
$GNSS,2020-10-29T17:42:58.400Z,,40.5805219,-111.722605,2518.811,-45.86,0.88,13.35,0.852,1.932,0.34,
$GNSS,2020-10-29T17:42:58.600Z,,40.5804396,-111.7226046,2516.212,-45.51,-0.55,13.23,0.862,1.942,0.36,
$GNSS,2020-10-29T17:42:58.800Z,,40.580358,-111.7226078,2513.68,-45.08,-2.24,12.4,0.873,1.95,0.39,
$GNSS,2020-10-29T17:42:59.000Z,,40.5802772,-111.7226154,2511.267,-44.72,-4.13,11.87,0.885,1.957,0.4,
$GNSS,2020-10-29T17:42:59.200Z,,40.5801973,-111.722627,2508.916,-44.12,-5.68,11.71,0.897,1.961,0.39,
$GNSS,2020-10-29T17:42:59.400Z,,40.5801181,-111.7226422,2506.637,-43.73,-7.17,11.47,0.909,1.964,0.38,
$GNSS,2020-10-29T17:42:59.600Z,,40.5800402,-111.722661,2504.285,-43.04,-8.68,11.62,0.92,1.967,0.38,
$GNSS,2020-10-29T17:42:59.800Z,,40.5799636,-111.7226835,2501.925,-42.21,-10.23,11.85,0.931,1.97,0.37,
$GNSS,2020-10-29T17:43:00.000Z,,40.5798886,-111.7227095,2499.539,-41.26,-11.68,11.93,0.943,1.974,0.38,
$GNSS,2020-10-29T17:43:00.200Z,,40.5798153,-111.7227388,2497.125,-40.39,-13.12,11.93,0.955,1.977,0.39,
$GNSS,2020-10-29T17:43:00.400Z,,40.5797434,-111.7227713,2494.746,-39.67,-14.36,11.89,0.968,1.98,0.38,
$GNSS,2020-10-29T17:43:00.600Z,,40.5796728,-111.7228066,2492.352,-38.91,-15.47,11.71,0.98,1.983,0.37,
$GNSS,2020-10-29T17:43:00.800Z,,40.5796036,-111.7228441,2489.958,-38.25,-16.28,11.76,0.991,1.986,0.36,
$GNSS,2020-10-29T17:43:01.000Z,,40.5795356,-111.7228837,2487.516,-37.51,-17.17,12.12,1.002,1.987,0.34,
$GNSS,2020-10-29T17:43:01.200Z,,40.5794688,-111.7229249,2485.013,-36.94,-17.77,12.31,1.012,1.99,0.34,
$GNSS,2020-10-29T17:43:01.400Z,,40.5794027,-111.7229675,2482.543,-36.6,-18.33,12.19,1.021,1.992,0.32,
$GNSS,2020-10-29T17:43:01.600Z,,40.5793373,-111.7230112,2480.101,-36.13,-18.73,12.05,1.029,1.996,0.31,
$GNSS,2020-10-29T17:43:01.800Z,,40.5792724,-111.7230555,2477.659,-35.97,-18.84,12.22,1.036,2,0.3,
$GNSS,2020-10-29T17:43:02.000Z,,40.5792079,-111.7230998,2475.175,-35.77,-18.68,12.5,1.042,2.005,0.29,
$GNSS,2020-10-29T17:43:02.200Z,,40.5791434,-111.7231433,2472.649,-35.94,-18.3,12.71,1.047,2.01,0.28,
$GNSS,2020-10-29T17:43:02.400Z,,40.5790785,-111.7231857,2470.065,-36.11,-17.75,12.83,1.05,2.013,0.28,
$GNSS,2020-10-29T17:43:02.600Z,,40.5790136,-111.7232267,2467.455,-36.19,-17.12,12.85,1.05,2.007,0.24,
$GNSS,2020-10-29T17:43:02.800Z,,40.5789483,-111.723266,2464.861,-36.39,-16.42,12.91,1.049,2,0.24,
$GNSS,2020-10-29T17:43:03.000Z,,40.5788824,-111.7233036,2462.285,-36.69,-15.66,12.98,1.047,1.993,0.24,
$GNSS,2020-10-29T17:43:03.200Z,,40.5788163,-111.7233393,2459.66,-36.83,-14.73,12.89,1.045,1.987,0.24,
$GNSS,2020-10-29T17:43:03.400Z,,40.5787499,-111.7233731,2457.054,-36.97,-13.93,13.01,1.043,1.982,0.24,
$GNSS,2020-10-29T17:43:03.600Z,,40.5786835,-111.723405,2454.422,-37.17,-12.99,12.96,1.041,1.977,0.24,
$GNSS,2020-10-29T17:43:03.800Z,,40.5786168,-111.7234349,2451.842,-37.29,-12.2,12.77,1.037,1.973,0.23,
$GNSS,2020-10-29T17:43:04.000Z,,40.5785498,-111.7234626,2449.278,-37.46,-11.2,12.54,1.033,1.966,0.23,
$GNSS,2020-10-29T17:43:04.200Z,,40.5784825,-111.7234879,2446.759,-37.63,-10.05,12.44,1.027,1.956,0.22,
$GNSS,2020-10-29T17:43:04.400Z,,40.578415,-111.7235104,2444.191,-37.7,-9.03,12.45,1.02,1.941,0.21,
$GNSS,2020-10-29T17:43:04.600Z,,40.5783472,-111.7235309,2441.684,-37.83,-8.24,12.46,1.013,1.926,0.21,
$GNSS,2020-10-29T17:43:04.800Z,,40.5782791,-111.7235494,2439.183,-37.92,-7.41,12.14,1.007,1.916,0.22,
$GNSS,2020-10-29T17:43:05.000Z,,40.578211,-111.7235662,2436.718,-37.99,-6.65,12.04,1.003,1.911,0.23,
$GNSS,2020-10-29T17:43:05.200Z,,40.5781429,-111.7235816,2434.269,-37.96,-6.24,12.04,0.999,1.907,0.23,
$GNSS,2020-10-29T17:43:05.400Z,,40.578075,-111.7235962,2431.805,-37.96,-5.87,11.97,0.996,1.902,0.23,
$GNSS,2020-10-29T17:43:05.600Z,,40.5780071,-111.7236102,2429.353,-37.94,-5.76,11.92,0.992,1.897,0.24,
$GNSS,2020-10-29T17:43:05.800Z,,40.577939,-111.7236239,2426.978,-37.81,-5.78,11.75,0.992,1.894,0.27,
$GNSS,2020-10-29T17:43:06.000Z,,40.5778711,-111.7236376,2424.576,-37.78,-5.72,11.84,0.992,1.89,0.26,
$GNSS,2020-10-29T17:43:06.200Z,,40.5778032,-111.723651,2422.125,-37.6,-5.65,12.23,0.991,1.887,0.26,
$GNSS,2020-10-29T17:43:06.400Z,,40.5777356,-111.7236644,2419.577,-37.6,-5.67,12.6,0.991,1.883,0.26,
$GNSS,2020-10-29T17:43:06.600Z,,40.577668,-111.7236778,2416.973,-37.5,-5.72,13.03,0.991,1.879,0.26,
$GNSS,2020-10-29T17:43:06.800Z,,40.5776007,-111.7236917,2414.231,-37.39,-5.9,13.69,0.991,1.877,0.26,
$GNSS,2020-10-29T17:43:07.000Z,,40.5775336,-111.7237057,2411.357,-37.32,-5.94,14.46,0.992,1.874,0.26,
$GNSS,2020-10-29T17:43:07.200Z,,40.5774664,-111.7237199,2408.362,-37.34,-6.05,15.12,0.992,1.872,0.26,
$GNSS,2020-10-29T17:43:07.400Z,,40.5773992,-111.7237342,2405.253,-37.33,-6.07,15.5,0.993,1.87,0.26,
$GNSS,2020-10-29T17:43:07.600Z,,40.5773321,-111.7237486,2402.049,-37.37,-6.01,15.85,0.993,1.868,0.26,
$GNSS,2020-10-29T17:43:07.800Z,,40.5772648,-111.7237629,2398.814,-37.38,-6.06,16.03,0.992,1.864,0.25,
$GNSS,2020-10-29T17:43:08.000Z,,40.5771974,-111.7237773,2395.56,-37.56,-6.05,16.3,0.992,1.862,0.26,
$GNSS,2020-10-29T17:43:08.200Z,,40.5771297,-111.7237915,2392.257,-37.63,-5.94,16.72,0.991,1.86,0.26,
$GNSS,2020-10-29T17:43:08.400Z,,40.5770619,-111.7238056,2388.859,-37.76,-5.98,16.93,0.991,1.858,0.25,
$GNSS,2020-10-29T17:43:08.600Z,,40.5769939,-111.7238197,2385.435,-37.7,-5.93,17.11,0.991,1.856,0.25,
$GNSS,2020-10-29T17:43:08.800Z,,40.5769259,-111.7238339,2381.969,-37.86,-6.05,17.34,0.991,1.857,0.25,
$GNSS,2020-10-29T17:43:09.000Z,,40.5768577,-111.7238482,2378.446,-37.96,-6.1,17.53,0.992,1.858,0.25,
$GNSS,2020-10-29T17:43:09.200Z,,40.5767893,-111.7238627,2374.899,-38.04,-6.15,17.77,0.992,1.859,0.25,
$GNSS,2020-10-29T17:43:09.400Z,,40.5767207,-111.7238771,2371.328,-38.2,-6.01,17.86,0.993,1.86,0.25,
$GNSS,2020-10-29T17:43:09.600Z,,40.5766518,-111.7238912,2367.726,-38.34,-5.93,18.3,0.994,1.862,0.25,
$GNSS,2020-10-29T17:43:09.800Z,,40.5765826,-111.7239054,2364.022,-38.44,-6.03,18.57,0.992,1.863,0.24,
$GNSS,2020-10-29T17:43:10.000Z,,40.5765132,-111.7239196,2360.273,-38.61,-5.94,18.73,0.99,1.865,0.24,
$GNSS,2020-10-29T17:43:10.200Z,,40.5764436,-111.7239336,2356.477,-38.8,-5.88,18.98,0.988,1.867,0.24,
$GNSS,2020-10-29T17:43:10.400Z,,40.5763738,-111.7239478,2352.642,-38.83,-6,19.26,0.986,1.868,0.24,
$GNSS,2020-10-29T17:43:10.600Z,,40.5763037,-111.723962,2348.746,-39.07,-6.03,19.48,0.984,1.869,0.24,
$GNSS,2020-10-29T17:43:10.800Z,,40.5762334,-111.7239762,2344.798,-39.24,-5.96,19.57,0.982,1.87,0.24,
$GNSS,2020-10-29T17:43:11.000Z,,40.5761626,-111.7239904,2340.837,-39.48,-6.02,19.61,0.981,1.871,0.24,
$GNSS,2020-10-29T17:43:11.200Z,,40.5760914,-111.7240047,2336.872,-39.61,-6.13,19.81,0.98,1.871,0.24,
$GNSS,2020-10-29T17:43:11.400Z,,40.5760201,-111.7240194,2332.848,-39.69,-6.32,20.16,0.981,1.872,0.25,
$GNSS,2020-10-29T17:43:11.600Z,,40.5759484,-111.7240347,2328.796,-39.86,-6.68,20.39,0.981,1.872,0.25,
$GNSS,2020-10-29T17:43:11.800Z,,40.5758765,-111.7240509,2324.675,-39.92,-7.14,20.6,0.983,1.872,0.26,
$GNSS,2020-10-29T17:43:12.000Z,,40.5758046,-111.7240684,2320.558,-40.03,-7.8,20.28,0.986,1.872,0.27,
$GNSS,2020-10-29T17:43:12.200Z,,40.5757326,-111.7240875,2316.446,-40.03,-8.39,20.81,0.989,1.87,0.28,
$GNSS,2020-10-29T17:43:12.400Z,,40.5756605,-111.7241078,2312.167,-40.14,-8.8,21.53,0.992,1.867,0.28,
$GNSS,2020-10-29T17:43:12.600Z,,40.5755886,-111.7241293,2307.832,-39.84,-9.45,21.79,0.994,1.862,0.27,
$GNSS,2020-10-29T17:43:12.800Z,,40.5755168,-111.7241523,2303.463,-39.87,-10.08,22.07,0.996,1.856,0.27,
$GNSS,2020-10-29T17:43:13.000Z,,40.5754452,-111.7241766,2298.982,-39.81,-10.54,22.52,0.997,1.849,0.27,
$GNSS,2020-10-29T17:43:13.200Z,,40.5753735,-111.7242022,2294.449,-39.85,-11.17,22.8,0.997,1.84,0.27,
$GNSS,2020-10-29T17:43:13.400Z,,40.5753018,-111.7242292,2289.858,-39.79,-11.78,23.13,0.998,1.833,0.27,
$GNSS,2020-10-29T17:43:13.600Z,,40.5752302,-111.7242574,2285.208,-39.84,-12.17,23.33,0.999,1.825,0.27,
$GNSS,2020-10-29T17:43:13.800Z,,40.5751584,-111.7242864,2280.509,-39.94,-12.45,23.5,1.001,1.82,0.26,
$GNSS,2020-10-29T17:43:14.000Z,,40.5750864,-111.7243163,2275.792,-40.13,-12.93,23.62,1.002,1.815,0.26,
$GNSS,2020-10-29T17:43:14.200Z,,40.575014,-111.7243472,2271.071,-40.34,-13.32,23.58,1.003,1.809,0.26,
$GNSS,2020-10-29T17:43:14.400Z,,40.5749412,-111.7243791,2266.382,-40.52,-13.78,23.4,1.004,1.804,0.26,
$GNSS,2020-10-29T17:43:14.600Z,,40.5748682,-111.7244119,2261.755,-40.61,-14.09,23.02,1.005,1.8,0.26,
$GNSS,2020-10-29T17:43:14.800Z,,40.5747949,-111.7244455,2257.179,-40.89,-14.43,22.58,1.006,1.797,0.27,
$GNSS,2020-10-29T17:43:15.000Z,,40.5747212,-111.7244796,2252.666,-41.08,-14.59,22.33,1.006,1.795,0.27,
$GNSS,2020-10-29T17:43:15.200Z,,40.5746471,-111.7245142,2248.251,-41.29,-14.73,21.84,1.007,1.794,0.26,
$GNSS,2020-10-29T17:43:15.400Z,,40.5745728,-111.724549,2243.933,-41.51,-14.82,21.33,1.007,1.792,0.26,
$GNSS,2020-10-29T17:43:15.600Z,,40.5744979,-111.724584,2239.744,-41.77,-14.94,20.58,1.008,1.791,0.26,
$GNSS,2020-10-29T17:43:15.800Z,,40.5744226,-111.7246192,2235.715,-42.05,-14.97,19.73,1.007,1.789,0.25,
$GNSS,2020-10-29T17:43:16.000Z,,40.5743469,-111.7246545,2231.861,-42.2,-15.01,18.76,1.007,1.786,0.25,
$GNSS,2020-10-29T17:43:16.200Z,,40.5742709,-111.7246899,2228.232,-42.39,-15.02,17.57,1.006,1.784,0.25,
$GNSS,2020-10-29T17:43:16.400Z,,40.5741946,-111.7247255,2224.836,-42.52,-15.22,16.36,1.004,1.778,0.24,
$GNSS,2020-10-29T17:43:16.600Z,,40.5741181,-111.7247617,2221.696,-42.48,-15.46,15.35,1.002,1.773,0.24,
$GNSS,2020-10-29T17:43:16.800Z,,40.5740418,-111.7247985,2218.737,-42.4,-15.69,14.3,1,1.767,0.24,
$GNSS,2020-10-29T17:43:17.000Z,,40.5739655,-111.7248355,2215.999,-42.33,-15.69,13.33,0.996,1.756,0.23,
$GNSS,2020-10-29T17:43:17.200Z,,40.5738896,-111.7248725,2213.413,-42.22,-15.6,12.53,0.991,1.747,0.22,
$GNSS,2020-10-29T17:43:17.400Z,,40.5738138,-111.7249092,2211.003,-42.1,-15.39,11.79,0.985,1.733,0.21,
$GNSS,2020-10-29T17:43:17.600Z,,40.5737384,-111.7249453,2208.723,-41.85,-15.14,11.11,0.98,1.721,0.21,
$GNSS,2020-10-29T17:43:17.800Z,,40.5736634,-111.7249809,2206.624,-41.58,-14.96,9.94,0.974,1.709,0.21,
$GNSS,2020-10-29T17:43:18.000Z,,40.573589,-111.7250161,2204.743,-41.16,-14.83,8.91,0.97,1.698,0.24,
$GNSS,2020-10-29T17:43:18.200Z,,40.5735154,-111.725051,2203.054,-40.67,-14.75,7.66,0.968,1.691,0.25,
$GNSS,2020-10-29T17:43:18.400Z,,40.5734428,-111.7250857,2201.634,-40.01,-14.67,6.48,0.967,1.684,0.26,
$GNSS,2020-10-29T17:43:18.600Z,,40.5733715,-111.7251202,2200.433,-39.35,-14.62,5.42,0.967,1.679,0.26,
$GNSS,2020-10-29T17:43:18.800Z,,40.5733012,-111.7251545,2199.406,-38.8,-14.41,4.5,0.967,1.676,0.26,
$GNSS,2020-10-29T17:43:19.000Z,,40.5732322,-111.7251885,2198.536,-38.01,-14.41,3.67,0.967,1.672,0.27,
$GNSS,2020-10-29T17:43:19.200Z,,40.5731646,-111.7252224,2197.872,-37.2,-14.33,2.83,0.967,1.667,0.27,
$GNSS,2020-10-29T17:43:19.400Z,,40.5730985,-111.725256,2197.371,-36.38,-14.16,1.95,0.968,1.663,0.26,
$GNSS,2020-10-29T17:43:19.600Z,,40.5730337,-111.7252892,2196.999,-35.69,-13.98,1.4,0.968,1.66,0.26,
$GNSS,2020-10-29T17:43:19.800Z,,40.5729705,-111.7253221,2196.73,-34.72,-13.82,0.8,0.969,1.657,0.26,
$GNSS,2020-10-29T17:43:20.000Z,,40.572909,-111.7253544,2196.625,-33.66,-13.65,0.14,0.97,1.654,0.27,
$GNSS,2020-10-29T17:43:20.200Z,,40.5728496,-111.7253865,2196.667,-32.44,-13.59,-0.58,0.971,1.649,0.28,
$GNSS,2020-10-29T17:43:20.400Z,,40.5727922,-111.7254179,2196.805,-31.33,-13.06,-1.33,0.971,1.643,0.28,
$GNSS,2020-10-29T17:43:20.600Z,,40.5727371,-111.7254488,2197.096,-29.93,-13.17,-1.88,0.972,1.637,0.27,
$GNSS,2020-10-29T17:43:20.800Z,,40.5726846,-111.7254788,2197.502,-28.49,-12.4,-2.31,0.972,1.63,0.28,
$GNSS,2020-10-29T17:43:21.000Z,,40.5726346,-111.7255075,2197.981,-27.2,-11.97,-2.9,0.973,1.627,0.29,
$GNSS,2020-10-29T17:43:21.200Z,,40.5725871,-111.725535,2198.548,-25.64,-11.4,-3.07,0.975,1.623,0.3,
$GNSS,2020-10-29T17:43:21.400Z,,40.5725425,-111.7255607,2199.164,-24.08,-10.45,-3.39,0.976,1.619,0.3,
$GNSS,2020-10-29T17:43:21.600Z,,40.5725006,-111.7255847,2199.82,-22.62,-9.95,-3.39,0.978,1.617,0.3,
$GNSS,2020-10-29T17:43:21.800Z,,40.5724614,-111.7256074,2200.454,-21.12,-9.34,-3.13,0.979,1.616,0.31,
$GNSS,2020-10-29T17:43:22.000Z,,40.5724246,-111.7256288,2201.003,-20.07,-8.89,-2.63,0.98,1.613,0.3,
$GNSS,2020-10-29T17:43:22.200Z,,40.5723895,-111.7256489,2201.408,-19.06,-8.28,-2.13,0.981,1.609,0.3,
$GNSS,2020-10-29T17:43:22.400Z,,40.5723558,-111.7256681,2201.659,-18.57,-8.03,-0.88,0.981,1.606,0.27,
$GNSS,2020-10-29T17:43:22.600Z,,40.5723234,-111.7256861,2201.73,-17.77,-7.27,-0.04,0.979,1.601,0.23,
$GNSS,2020-10-29T17:43:22.800Z,,40.5722921,-111.7257037,2201.583,-17.36,-7.63,1.2,0.975,1.597,0.23,
$GNSS,2020-10-29T17:43:23.000Z,,40.5722614,-111.7257214,2201.19,-16.93,-7.41,2.52,0.972,1.593,0.24,
$GNSS,2020-10-29T17:43:23.200Z,,40.5722309,-111.7257386,2200.479,-17.04,-7.17,4.2,0.971,1.59,0.24,
$GNSS,2020-10-29T17:43:23.400Z,,40.5722006,-111.7257557,2199.476,-16.75,-7.29,5.48,0.971,1.588,0.26,
$GNSS,2020-10-29T17:43:23.600Z,,40.572172,-111.7257733,2198.35,-15.18,-7.62,6.15,0.971,1.586,0.27,
$GNSS,2020-10-29T17:43:23.800Z,,40.5721435,-111.7257903,2196.911,-16.54,-6.94,7.7,0.971,1.579,0.24,
$GNSS,2020-10-29T17:43:24.000Z,,40.5721141,-111.7258065,2195.164,-16.33,-6.8,9.2,0.972,1.573,0.25,
$GNSS,2020-10-29T17:43:24.200Z,,40.5720851,-111.7258227,2193.173,-16.11,-6.9,10.15,0.97,1.568,0.23,
$GNSS,2020-10-29T17:43:24.400Z,,40.5720568,-111.7258398,2191.026,-15.61,-7.51,11.22,0.967,1.564,0.23,
$GNSS,2020-10-29T17:43:24.600Z,,40.5720288,-111.7258575,2188.673,-15.6,-7.46,12.04,0.966,1.559,0.24,
$GNSS,2020-10-29T17:43:24.800Z,,40.572001,-111.7258753,2186.195,-15.41,-7.69,12.7,0.965,1.554,0.24,
$GNSS,2020-10-29T17:43:25.000Z,,40.5719747,-111.7258932,2183.655,-13.91,-7.47,12.6,0.964,1.549,0.25,
$GNSS,2020-10-29T17:43:25.200Z,,40.5719516,-111.7259095,2181.111,-11.85,-6.4,12.77,0.965,1.546,0.25,
$GNSS,2020-10-29T17:43:25.400Z,,40.5719325,-111.7259212,2178.277,-9.49,-3.52,15.24,0.968,1.548,0.28,
$GNSS,2020-10-29T17:43:25.600Z,,40.5719157,-111.7259299,2174.951,-9.35,-3.88,17.97,0.973,1.556,0.34,
$GNSS,2020-10-29T17:43:25.800Z,,40.5718989,-111.7259403,2171.697,-9.29,-4.83,15.97,0.98,1.564,0.37,
$GNSS,2020-10-29T17:43:26.000Z,,40.5718837,-111.7259489,2168.795,-7.42,-2.55,13.18,0.987,1.579,0.41,
$GNSS,2020-10-29T17:43:26.200Z,,40.5718712,-111.7259531,2166.372,-6.18,-0.76,10.1,0.996,1.595,0.4,
$GNSS,2020-10-29T17:43:26.400Z,,40.5718603,-111.7259561,2164.344,-6.04,-1.64,9.67,0.997,1.585,0.36,
$GNSS,2020-10-29T17:43:26.600Z,,40.5718512,-111.7259579,2162.149,-4.84,0.8,9.89,0.987,1.553,0.34,
$GNSS,2020-10-29T17:43:26.800Z,,40.5718445,-111.7259558,2160.278,-2.85,1.29,8.45,0.978,1.525,0.32,
$GNSS,2020-10-29T17:43:27.000Z,,40.5718395,-111.7259524,2158.688,-2.85,1.6,8.23,0.965,1.498,0.3,
$GNSS,2020-10-29T17:43:27.200Z,,40.5718343,-111.7259502,2157.092,-3.53,0.96,7.8,0.954,1.486,0.29,
$GNSS,2020-10-29T17:43:27.400Z,,40.5718276,-111.725948,2155.495,-4.27,1.1,7.7,0.944,1.48,0.27,
$GNSS,2020-10-29T17:43:27.600Z,,40.5718201,-111.725945,2153.997,-4.62,1.66,7.76,0.931,1.472,0.26,
$GNSS,2020-10-29T17:43:27.800Z,,40.5718123,-111.7259402,2152.549,-4.59,2.47,7.3,0.916,1.46,0.24,
$GNSS,2020-10-29T17:43:28.000Z,,40.5718037,-111.7259337,2150.945,-5.09,3.02,7.74,0.889,1.441,0.22,
$GNSS,2020-10-29T17:43:28.200Z,,40.571794,-111.7259262,2149.211,-5.57,3.7,7.85,0.863,1.424,0.21,
$GNSS,2020-10-29T17:43:28.400Z,,40.5717833,-111.7259176,2147.391,-5.68,4.3,8.15,0.838,1.405,0.21,
$GNSS,2020-10-29T17:43:28.600Z,,40.5717726,-111.725906,2145.686,-5.76,5.21,8.58,0.813,1.385,0.21,
$GNSS,2020-10-29T17:43:28.800Z,,40.5717613,-111.7258927,2143.792,-6.19,6,9.06,0.79,1.365,0.2,
$GNSS,2020-10-29T17:43:29.000Z,,40.5717496,-111.7258778,2141.785,-6.52,6.73,9.25,0.768,1.345,0.2,
$GNSS,2020-10-29T17:43:29.200Z,,40.5717378,-111.7258603,2140.132,-6.82,7.75,9.06,0.748,1.326,0.19,
$GNSS,2020-10-29T17:43:29.400Z,,40.5717253,-111.72584,2138.542,-6.91,9.11,8.7,0.731,1.315,0.19,
$GNSS,2020-10-29T17:43:29.600Z,,40.5717126,-111.7258175,2137.025,-6.6,9.78,7.56,0.717,1.304,0.19,
$GNSS,2020-10-29T17:43:29.800Z,,40.5717001,-111.7257942,2135.526,-6.83,10.5,6.68,0.707,1.295,0.2,
$GNSS,2020-10-29T17:43:30.000Z,,40.5716879,-111.7257692,2134.356,-6.92,10.75,5.81,0.7,1.288,0.2,
$GNSS,2020-10-29T17:43:30.200Z,,40.5716755,-111.7257429,2133.166,-7.06,11.68,5.55,0.692,1.28,0.19,
$GNSS,2020-10-29T17:43:30.400Z,,40.5716632,-111.7257155,2132.193,-6.34,11.62,4.53,0.685,1.272,0.19,
$GNSS,2020-10-29T17:43:30.600Z,,40.5716521,-111.7256896,2131.336,-5.7,10.99,3.76,0.677,1.262,0.18,
$GNSS,2020-10-29T17:43:30.800Z,,40.5716411,-111.7256633,2130.493,-6.15,11.81,3.16,0.669,1.251,0.18,
$GNSS,2020-10-29T17:43:31.000Z,,40.5716303,-111.725636,2129.669,-5.67,11.83,2.74,0.662,1.24,0.18,
$GNSS,2020-10-29T17:43:31.200Z,,40.5716214,-111.7256096,2128.938,-4.63,11.26,2.21,0.654,1.23,0.18,
$GNSS,2020-10-29T17:43:31.400Z,,40.5716139,-111.7255832,2128.387,-3.98,11.39,2.14,0.647,1.22,0.18,
$GNSS,2020-10-29T17:43:31.600Z,,40.5716066,-111.7255568,2127.821,-3.92,11.22,2,0.64,1.209,0.17,
$GNSS,2020-10-29T17:43:31.800Z,,40.5716,-111.7255318,2127.308,-3.17,10.7,2.05,0.631,1.201,0.17,
$GNSS,2020-10-29T17:43:32.000Z,,40.5715943,-111.7255078,2126.72,-2.86,10.16,2.33,0.623,1.193,0.17,
$GNSS,2020-10-29T17:43:32.200Z,,40.5715885,-111.7254836,2126.155,-3.05,10.78,2.14,0.618,1.187,0.18,
$GNSS,2020-10-29T17:43:32.400Z,,40.5715833,-111.7254589,2125.635,-2.8,10.7,2.43,0.614,1.183,0.18,
$GNSS,2020-10-29T17:43:32.600Z,,40.5715782,-111.725435,2125.099,-2.57,10.08,2.74,0.609,1.181,0.18,
$GNSS,2020-10-29T17:43:32.800Z,,40.5715736,-111.7254124,2124.469,-2.22,9.48,2.9,0.602,1.177,0.17,
$GNSS,2020-10-29T17:43:33.000Z,,40.5715688,-111.7253907,2123.741,-2.48,9.28,3.19,0.596,1.175,0.18,
$GNSS,2020-10-29T17:43:33.200Z,,40.5715644,-111.7253685,2122.966,-2.21,9.54,3.67,0.593,1.174,0.19,
$GNSS,2020-10-29T17:43:33.400Z,,40.5715603,-111.7253469,2122.013,-2.12,8.58,5.34,0.588,1.159,0.23,
$GNSS,2020-10-29T17:43:33.600Z,,40.5715562,-111.725325,2121.079,-2.48,9.91,4.27,0.594,1.167,0.33,
$GNSS,2020-10-29T17:43:33.800Z,,40.5715522,-111.7253015,2120.234,-2.04,9.96,4.01,0.606,1.176,0.33,
$GNSS,2020-10-29T17:43:34.000Z,,40.5715481,-111.7252777,2119.444,-2.4,10.16,4.01,0.618,1.186,0.3,
$GNSS,2020-10-29T17:43:34.200Z,,40.5715442,-111.7252536,2118.633,-2.04,10.31,4.15,0.626,1.19,0.25,
$GNSS,2020-10-29T17:43:34.400Z,,40.5715401,-111.7252288,2117.851,-2.3,10.89,4.14,0.626,1.186,0.26,
$GNSS,2020-10-29T17:43:34.600Z,,40.5715358,-111.725203,2116.959,-2.38,11.08,4.22,0.624,1.172,0.24,
$GNSS,2020-10-29T17:43:34.800Z,,40.5715314,-111.7251771,2116.024,-2.33,10.91,5.17,0.624,1.171,0.23,
$GNSS,2020-10-29T17:43:35.000Z,,40.5715274,-111.7251512,2115.036,-1.91,11.06,4.91,0.624,1.172,0.22,
$GNSS,2020-10-29T17:43:35.200Z,,40.5715236,-111.7251249,2114.079,-2.1,11.22,4.78,0.624,1.172,0.22,
$GNSS,2020-10-29T17:43:35.400Z,,40.5715198,-111.7250984,2113.044,-1.77,11.26,5.33,0.624,1.172,0.22,
$GNSS,2020-10-29T17:43:35.600Z,,40.5715164,-111.7250717,2112.105,-1.82,11.48,5.02,0.621,1.17,0.2,
$GNSS,2020-10-29T17:43:35.800Z,,40.5715131,-111.725045,2111.177,-1.72,11.05,4.59,0.615,1.167,0.19,
$GNSS,2020-10-29T17:43:36.000Z,,40.5715094,-111.7250188,2110.274,-2.26,11.37,4.44,0.607,1.163,0.19,
$GNSS,2020-10-29T17:43:36.200Z,,40.5715053,-111.7249923,2109.312,-2.12,11.49,4.33,0.6,1.153,0.19,
$GNSS,2020-10-29T17:43:36.400Z,,40.5715013,-111.7249653,2108.46,-2.59,11.28,3.94,0.592,1.137,0.18,
$GNSS,2020-10-29T17:43:36.600Z,,40.5714963,-111.724938,2107.602,-3.06,11,3.66,0.584,1.121,0.18,
$GNSS,2020-10-29T17:43:36.800Z,,40.5714903,-111.7249127,2106.882,-3.63,10.43,3.56,0.588,1.126,0.31,
$GNSS,2020-10-29T17:43:37.000Z,,40.5714833,-111.7248884,2106.123,-4.21,9.91,3.57,0.597,1.132,0.33,
$GNSS,2020-10-29T17:43:37.200Z,,40.5714751,-111.7248654,2105.346,-5.03,9.43,3.89,0.607,1.139,0.34,
$GNSS,2020-10-29T17:43:37.400Z,,40.5714653,-111.7248437,2104.468,-5.83,8.88,4.51,0.617,1.145,0.32,
